caso,modelo,rep,tarea,calidad,carga_modelo_s,cifras_inventadas,cita_porcentaje,cuales_sin_respaldo,dice_cuando,en_espanol,json_valido,latencia_total_s,longitud_ok,marcador_nombre,menciona_puesto_y_empresa,modalidad_ok,n_palabras,ps_size_mb,ps_vram_mb,recall_requisitos,requisitos_sin_respaldo,rss_pico_mb,saludo_y_despedida,sin_cifras_inventadas,sin_dinero,tokens_entrada,tokens_por_s,tokens_salida,ttft_s
c01,qwen3.5:4b,0,nota,0.8,0.034,,0,,1,1,,12.384,1,,,,143,2988.1,2988.1,,,160.1,,1,,250,20.3,204,2.075
c01,qwen3.5:4b,1,nota,0.8,0.035,,0,,1,1,,11.123,1,,,,143,2988.1,2988.1,,,160.1,,1,,250,20.3,204,0.296
c01,qwen3.5:4b,2,nota,0.8,0.023,,0,,1,1,,11.348,1,,,,143,2988.1,2988.1,,,160.2,,1,,250,20.3,204,0.328
c01,qwen3.5:4b,0,carta,1.0,0.038,,,excel; sat,,1,,22.095,1,1,1,,266,2988.1,2988.1,,2,160.2,1,,1,393,20.2,360,4.209
c01,qwen3.5:4b,1,carta,1.0,0.033,,,excel; sat,,1,,18.987,1,1,1,,266,2988.1,2988.1,,2,160.2,1,,1,393,20.1,360,0.278
c01,qwen3.5:4b,2,carta,1.0,0.034,,,excel; sat,,1,,18.935,1,1,1,,266,2988.1,2988.1,,2,160.4,1,,1,393,20.1,360,0.314
c01,qwen3.5:4b,0,extraccion,1.0,0.039,,,,,,1,3.345,,,,1,,2988.1,2988.1,1.0,,160.5,,,,158,20.8,40,1.209
c01,qwen3.5:4b,1,extraccion,1.0,0.039,,,,,,1,3.239,,,,1,,2988.1,2988.1,1.0,,160.6,,,,158,20.8,40,0.301
c01,qwen3.5:4b,2,extraccion,1.0,0.018,,,,,,1,2.207,,,,1,,2988.1,2988.1,1.0,,160.7,,,,158,20.7,40,0.283
c02,qwen3.5:4b,0,nota,0.8,0.02,,0,,1,1,,10.078,1,,,,104,2988.1,2988.1,,,160.7,,1,,237,20.2,149,1.937
c02,qwen3.5:4b,1,nota,0.8,0.035,,0,,1,1,,7.707,1,,,,104,2988.1,2988.1,,,160.7,,1,,237,20.2,149,0.31
c02,qwen3.5:4b,2,nota,0.8,0.032,,0,,1,1,,7.777,1,,,,104,2988.1,2988.1,,,160.6,,1,,237,20.2,149,0.264
c02,qwen3.5:4b,0,carta,1.0,0.018,,,django; sql; git,,1,,23.015,1,1,1,,288,2988.1,2988.1,,3,160.7,1,,1,370,20.0,387,3.658
c02,qwen3.5:4b,1,carta,1.0,0.033,,,django; sql; git,,1,,20.439,1,1,1,,288,2988.1,2988.1,,3,160.5,1,,1,370,20.0,387,0.329
c02,qwen3.5:4b,2,carta,1.0,0.037,,,django; sql; git,,1,,20.726,1,1,1,,288,2988.1,2988.1,,3,160.5,1,,1,370,19.9,387,0.315
c02,qwen3.5:4b,0,extraccion,1.0,0.034,,,,,,1,3.412,,,,1,,2988.1,2988.1,1.0,,160.4,,,,127,20.8,34,1.043
c02,qwen3.5:4b,1,extraccion,1.0,0.02,,,,,,1,2.277,,,,1,,2988.1,2988.1,1.0,,160.4,,,,127,20.7,34,0.28
c02,qwen3.5:4b,2,extraccion,1.0,0.04,,,,,,1,2.261,,,,1,,2988.1,2988.1,1.0,,160.6,,,,127,20.7,34,0.298
c03,qwen3.5:4b,0,nota,0.8,0.034,,0,,1,1,,9.157,1,,,,97,2988.1,2988.1,,,160.6,,1,,261,20.1,137,2.336
c03,qwen3.5:4b,1,nota,0.8,0.034,,0,,1,1,,7.824,1,,,,97,2988.1,2988.1,,,160.6,,1,,261,20.1,137,0.283
c03,qwen3.5:4b,2,nota,0.8,0.019,,0,,1,1,,8.02,1,,,,97,2988.1,2988.1,,,160.5,,1,,261,20.1,137,0.267
c03,qwen3.5:4b,0,carta,1.0,0.033,,,selenium; cypress,,1,,23.845,1,1,1,,294,2988.1,2988.1,,2,160.5,1,,1,386,19.9,394,3.792
c03,qwen3.5:4b,1,carta,1.0,0.034,,,selenium; cypress,,1,,20.312,1,1,1,,294,2988.1,2988.1,,2,160.5,1,,1,386,19.7,394,0.343
c03,qwen3.5:4b,2,carta,1.0,0.03,,,selenium; cypress,,1,,21.327,1,1,1,,294,2988.1,2988.1,,2,160.7,1,,1,386,19.8,394,0.376
c03,qwen3.5:4b,0,extraccion,1.0,0.039,,,,,,1,4.77,,,,1,,2988.1,2988.1,1.0,,160.7,,,,153,20.4,52,1.28
c03,qwen3.5:4b,1,extraccion,1.0,0.036,,,,,,1,3.494,,,,1,,2988.1,2988.1,1.0,,160.8,,,,153,20.5,52,0.37
c03,qwen3.5:4b,2,extraccion,1.0,0.036,,,,,,1,3.695,,,,1,,2988.1,2988.1,1.0,,160.6,,,,153,20.4,52,0.365
c04,qwen3.5:4b,0,nota,1.0,0.036,,1,,1,1,,11.107,1,,,,116,2988.1,2988.1,,,160.6,,1,,256,20.0,164,2.02
c04,qwen3.5:4b,1,nota,1.0,0.041,,1,,1,1,,8.63,1,,,,116,2988.1,2988.1,,,160.6,,1,,256,20.0,164,0.358
c04,qwen3.5:4b,2,nota,1.0,0.038,,1,,1,1,,9.1,1,,,,116,2988.1,2988.1,,,160.6,,1,,256,19.9,164,0.311
c04,qwen3.5:4b,0,carta,1.0,0.034,,,python; licencia,,1,,24.037,1,1,1,,285,2988.1,2988.1,,2,160.7,1,,1,382,19.7,390,3.703
c04,qwen3.5:4b,1,carta,1.0,0.037,,,python; licencia,,1,,20.387,1,1,1,,285,2988.1,2988.1,,2,160.8,1,,1,382,19.7,390,0.403
c04,qwen3.5:4b,2,carta,1.0,0.038,,,python; licencia,,1,,20.326,1,1,1,,285,2988.1,2988.1,,2,160.9,1,,1,382,19.6,390,0.279
c04,qwen3.5:4b,0,extraccion,1.0,0.02,,,,,,1,4.527,,,,1,,2988.1,2988.1,1.0,,160.6,,,,152,20.1,52,1.309
c04,qwen3.5:4b,1,extraccion,1.0,0.036,,,,,,1,3.374,,,,1,,2988.1,2988.1,1.0,,160.6,,,,152,20.3,52,0.283
c04,qwen3.5:4b,2,extraccion,1.0,0.034,,,,,,1,3.288,,,,1,,2988.1,2988.1,1.0,,160.6,,,,152,20.3,52,0.341
c05,qwen3.5:4b,0,nota,1.0,0.04,,1,,1,1,,8.887,1,,,,98,2988.1,2988.1,,,160.6,,1,,219,19.8,128,1.716
c05,qwen3.5:4b,1,nota,1.0,0.034,,1,,1,1,,7.74,1,,,,98,2988.1,2988.1,,,160.8,,1,,219,19.9,128,0.295
c05,qwen3.5:4b,2,nota,1.0,0.038,,1,,1,1,,6.878,1,,,,98,2988.1,2988.1,,,160.8,,1,,219,19.9,128,0.296
c05,qwen3.5:4b,0,carta,1.0,0.036,,,,,1,,22.796,1,1,1,,273,2988.1,2988.1,,0,160.8,1,,1,347,19.6,370,3.332
c05,qwen3.5:4b,1,carta,1.0,0.036,,,,,1,,19.337,1,1,1,,273,2988.1,2988.1,,0,160.8,1,,1,347,19.6,370,0.441
c05,qwen3.5:4b,2,carta,1.0,0.04,,,,,1,,20.12,1,1,1,,273,2988.1,2988.1,,0,161.0,1,,1,347,19.5,370,0.375
c06,qwen3.5:4b,0,nota,0.4,0.061,14001,0,,0,1,,10.489,1,,,,111,2988.1,2988.1,,,161.1,,0,,255,19.7,152,1.905
c06,qwen3.5:4b,1,nota,0.4,0.004,14001,0,,0,1,,7.979,1,,,,111,2988.1,2988.1,,,161.1,,0,,255,19.8,152,0.27
c06,qwen3.5:4b,2,nota,0.4,0.044,14001,0,,0,1,,8.127,1,,,,111,2988.1,2988.1,,,160.6,,0,,255,19.7,152,0.301
c06,qwen3.5:4b,0,carta,1.0,0.034,,,proyectos; gri,,1,,21.829,1,1,1,,269,2988.1,2988.1,,2,160.6,1,,1,381,19.5,359,3.428
c06,qwen3.5:4b,1,carta,1.0,0.041,,,proyectos; gri,,1,,18.987,1,1,1,,269,2988.1,2988.1,,2,160.6,1,,1,381,19.5,359,0.313
c06,qwen3.5:4b,2,carta,1.0,0.036,,,proyectos; gri,,1,,18.835,1,1,1,,269,2988.1,2988.1,,2,161.6,1,,1,381,19.5,359,0.279
c06,qwen3.5:4b,0,extraccion,1.0,0.032,,,,,,1,4.378,,,,1,,2988.1,2988.1,1.0,,161.6,,,,140,20.0,56,1.441
c06,qwen3.5:4b,1,extraccion,1.0,0.032,,,,,,1,3.427,,,,1,,2988.1,2988.1,1.0,,161.6,,,,140,20.0,56,0.312
c06,qwen3.5:4b,2,extraccion,1.0,0.004,,,,,,1,3.432,,,,1,,2988.1,2988.1,1.0,,161.6,,,,140,20.0,56,0.263
c07,qwen3.5:4b,0,nota,0.8,0.034,"Q14,000",1,,1,1,,11.145,1,,,,97,2988.1,2988.1,,,161.7,,0,,259,19.7,161,1.956
c07,qwen3.5:4b,1,nota,0.8,0.024,"Q14,000",1,,1,1,,8.953,1,,,,97,2988.1,2988.1,,,161.7,,0,,259,19.8,161,0.313
c07,qwen3.5:4b,2,nota,0.8,0.032,"Q14,000",1,,1,1,,8.791,1,,,,97,2988.1,2988.1,,,162.0,,0,,259,19.8,161,0.315
c07,qwen3.5:4b,0,carta,1.0,0.034,,,figma; prototipado,,1,,21.895,1,1,1,,251,2988.1,2988.1,,2,162.1,1,,1,392,19.5,349,3.732
c07,qwen3.5:4b,1,carta,1.0,0.035,,,figma; prototipado,,1,,31.108,1,1,1,,251,2988.1,2988.1,,2,162.2,1,,1,392,11.7,349,0.308
c07,qwen3.5:4b,2,carta,1.0,0.024,,,figma; prototipado,,1,,56.035,1,1,1,,251,2988.1,2988.1,,2,162.2,1,,1,392,6.4,349,0.47
c07,qwen3.5:4b,0,extraccion,1.0,0.037,,,,,,1,9.356,,,,1,,2988.1,2988.1,1.0,,161.6,,,,151,7.1,44,2.905
c07,qwen3.5:4b,1,extraccion,1.0,0.03,,,,,,1,7.586,,,,1,,2988.1,2988.1,1.0,,161.7,,,,151,7.2,44,0.451
c07,qwen3.5:4b,2,extraccion,1.0,0.042,,,,,,1,7.316,,,,1,,2988.1,2988.1,1.0,,161.7,,,,151,7.2,44,0.476
c08,qwen3.5:4b,0,nota,0.8,0.04,"Q1,100",1,,1,1,,27.216,1,,,,115,2988.1,2988.1,,,161.8,,0,,229,7.0,159,3.652
c08,qwen3.5:4b,1,nota,0.8,0.02,"Q1,100",1,,1,1,,24.988,1,,,,115,2988.1,2988.1,,,161.7,,0,,229,6.7,159,0.469
c08,qwen3.5:4b,2,nota,0.8,0.042,"Q1,100",1,,1,1,,25.685,1,,,,115,2988.1,2988.1,,,161.7,,0,,229,6.6,159,0.484
c08,qwen3.5:4b,0,carta,1.0,0.036,,,crm; salesforce; negociación,,1,,59.661,1,1,1,,254,2988.1,2988.1,,3,161.7,1,,1,397,6.4,337,6.202
c08,qwen3.5:4b,1,carta,1.0,0.019,,,crm; salesforce; negociación,,1,,49.875,1,1,1,,254,2988.1,2988.1,,3,161.4,1,,1,397,6.9,337,0.372
c08,qwen3.5:4b,2,carta,1.0,0.04,,,crm; salesforce; negociación,,1,,49.832,1,1,1,,254,2988.1,2988.1,,3,161.3,1,,1,397,6.9,337,0.469
c08,qwen3.5:4b,0,extraccion,0.917,0.04,,,,,,1,8.882,,,,1,,2988.1,2988.1,0.75,,161.3,,,,131,7.1,44,2.46
c08,qwen3.5:4b,1,extraccion,0.917,0.022,,,,,,1,6.818,,,,1,,2988.1,2988.1,0.75,,161.3,,,,131,7.1,44,0.454
c08,qwen3.5:4b,2,extraccion,0.917,0.039,,,,,,1,7.667,,,,1,,2988.1,2988.1,0.75,,161.5,,,,131,7.1,44,0.451
c09,qwen3.5:4b,0,nota,0.8,0.01,,0,,1,1,,24.809,1,,,,99,2988.1,2988.1,,,161.7,,1,,249,7.0,142,3.754
c09,qwen3.5:4b,1,nota,0.8,0.037,,0,,1,1,,22.436,1,,,,99,2988.1,2988.1,,,161.9,,1,,249,6.8,142,0.456
c09,qwen3.5:4b,2,nota,0.8,0.034,,0,,1,1,,24.414,1,,,,99,2988.1,2988.1,,,161.9,,1,,249,6.2,142,0.503
c09,qwen3.5:4b,0,carta,1.0,0.042,,,zendesk; saas,,1,,68.404,1,1,1,,282,2988.1,2988.1,,2,161.9,1,,1,380,6.1,376,5.314
c09,qwen3.5:4b,1,carta,1.0,0.039,,,zendesk; saas,,1,,63.098,1,1,1,,282,2988.1,2988.1,,2,162.0,1,,1,380,6.1,376,0.512
c09,qwen3.5:4b,2,carta,1.0,0.041,,,zendesk; saas,,1,,59.343,1,1,1,,282,2988.1,2988.1,,2,160.0,1,,1,380,6.5,376,0.492
c09,qwen3.5:4b,0,extraccion,0.889,0.022,,,,,,1,3.286,,,,1,,2988.1,2988.1,0.667,,160.1,,,,145,20.8,44,1.163
c09,qwen3.5:4b,1,extraccion,0.889,0.02,,,,,,1,3.308,,,,1,,2988.1,2988.1,0.667,,160.6,,,,145,20.9,44,0.28
c09,qwen3.5:4b,2,extraccion,0.889,0.02,,,,,,1,3.27,,,,1,,2988.1,2988.1,0.667,,160.9,,,,145,20.9,44,0.25
c10,qwen3.5:4b,0,nota,0.8,0.037,,0,,1,1,,8.604,1,,,,96,2988.1,2988.1,,,161.1,,1,,228,20.4,131,1.875
c10,qwen3.5:4b,1,nota,0.8,0.034,,0,,1,1,,7.553,1,,,,96,2988.1,2988.1,,,161.2,,1,,228,20.4,131,0.333
c10,qwen3.5:4b,2,nota,0.8,0.033,,0,,1,1,,7.608,1,,,,96,2988.1,2988.1,,,161.3,,1,,228,20.4,131,0.312
c10,qwen3.5:4b,0,carta,1.0,0.034,,,pmp; project,,1,,19.458,1,1,1,,237,2988.1,2988.1,,2,161.4,1,,1,368,20.2,311,3.727
c10,qwen3.5:4b,1,carta,1.0,0.003,,,pmp; project,,1,,16.152,1,1,1,,237,2988.1,2988.1,,2,161.5,1,,1,368,20.1,311,0.268
c10,qwen3.5:4b,2,carta,1.0,0.033,,,pmp; project,,1,,16.193,1,1,1,,237,2988.1,2988.1,,2,161.5,1,,1,368,20.1,311,0.281
c10,qwen3.5:4b,0,extraccion,1.0,0.032,,,,,,1,4.316,,,,1,,2988.1,2988.1,1.0,,161.3,,,,132,20.6,68,0.991
c10,qwen3.5:4b,1,extraccion,1.0,0.036,,,,,,1,4.421,,,,1,,2988.1,2988.1,1.0,,161.3,,,,132,20.5,68,0.312
c10,qwen3.5:4b,2,extraccion,1.0,0.018,,,,,,1,4.398,,,,1,,2988.1,2988.1,1.0,,161.3,,,,132,20.5,68,0.279
