id,caso,texto,naturalidad_1a5,persuasion_1a5,lista_para_enviar_1a5,inventa_datos_si_no,comentario
C000,c10,"Estimado equipo de selección de Edifica:

Con diez años de experiencia supervisando obra civil en el sector, he desarrollado una visión integral del ciclo completo de construcción que me permite aportar valor inmediato a proyectos complejos. Mi trayectoria se ha caracterizado por la eficiencia operativa y el cumplimiento estricto de plazos; recientemente, logré la entrega oportuna de tres edificios clave, logrando además un ahorro del cinco por ciento sobre el presupuesto asignado sin comprometer la calidad ni la seguridad en obra.

Busco evolucionar hacia el rol de Project Manager de construcción, donde pueda aplicar mi capacidad para gestionar equipos multidisciplinarios y optimizar recursos desde una perspectiva estratégica. Entiendo que Edifica busca profesionales capaces de liderar con claridad y precisión técnica. Aunque mi perfil actual se centra más en la supervisión ejecutiva, tengo un profundo interés y disposición para adquirir formalmente las competencias específicas como el PMP o herramientas como MS Project, integrándolas naturalmente en mi gestión diaria para asegurar resultados excepcionales.

Mi enfoque combina la disciplina técnica con una comunicación fluida, esencial para mantener a todos los actores de la obra alineados hacia un objetivo común. Estoy convencido de que mi historial de entregas bajo control de costos y tiempo puede replicarse en sus proyectos futuros, aportando no solo cumplimiento contractual sino también eficiencia real.

Quedo a su entera disposición para conversar sobre cómo mis experiencias concretas pueden beneficiar a Edifica en sus próximas iniciativas.

Atentamente,
[[NOMBRE]]",,,,,
C001,c10,"Estimado equipo de Edifica,

Me dirijo a ustedes con gran interés en la vacante de Project Manager de Construcción. Tras revisar los requerimientos del puesto, considero que mi trayectoria profesional se alinea de manera sólida con lo que buscan en un líder de proyectos en su prestigiosa empresa.

A lo largo de mis diez años supervisando obra civil, he desarrollado una visión integral de la gestión de proyectos de construcción. Mi experiencia reciente en [[EMPLEADOR_ACTUAL]] me ha permitido consolidar habilidades prácticas en la coordinación de equipos y el cumplimiento riguroso de cronogramas. De hecho, he tenido la oportunidad de entregar tres edificios completados en tiempo y forma, demostrando mi capacidad para llevar proyectos complejos a la finalización exitosa.

Entiendo que el rol requiere un perfil con capacidad de liderazgo y manejo de herramientas de planificación. Estoy muy interesado en aplicar mi experiencia en la gestión de obra civil para asumir la responsabilidad de un Project Manager, contribuyendo al éxito de los proyectos de Edifica. Aunque mi experiencia ha sido muy práctica en obra, estoy muy dispuesto a profundizar mis conocimientos en metodologías avanzadas de gestión de proyectos para adaptarme rápidamente a sus procesos.

Adjunto mi currículum vitae para su revisión, donde podrá encontrar más detalles sobre mi recorrido profesional. Estaría encantado de conversar con ustedes sobre cómo mi enfoque proactivo y mi compromiso con la calidad pueden beneficiar a Edifica.

Agradezco de antemano su tiempo y consideración.

Atentamente,

[[NOMBRE]]",,,,,
C002,c04,"Estimados reclutadores de GeoMapas:

Al revisar las vacantes para el puesto de Analista GIS, me identifico inmediatamente con los desafíos que buscan resolver en su equipo. Mi trayectoria actual como Técnico GIS en [[EMPLEADOR_ACTUAL]] se ha centrado exclusivamente en la optimización del mapeo catastral mediante QGIS y ArcGIS, pero mi mayor satisfacción profesional surge cuando logro transformar datos complejos en información estratégica tangible.

Recientemente, lideré un proyecto de digitalización masiva que permitió a nuestra organización registrar cientos de predios en un solo año. Este logro no fue solo una cuestión de velocidad, sino de eficiencia en la gestión de grandes volúmenes de datos geoespaciales. Entiendo perfectamente la necesidad de GeoMapas de integrar herramientas como ArcGIS y QGIS para mantener su base de datos actualizada y precisa, algo que he perfeccionado a lo largo de mi carrera.

Sobre el perfil técnico solicitado, tengo una sólida experiencia operativa con estas plataformas en entornos profesionales exigentes. Aunque mi dominio principal radica en la aplicación práctica de estos softwares para la cartografía técnica, estoy plenamente dispuesto a profundizar mis conocimientos en Python básico para automatizar flujos de trabajo y extraer valor adicional de los datos, tal como lo sugiere su oferta. La licencia de conducir me permite cubrir desplazamientos rápidos por el territorio, facilitando cualquier visita de campo que requiera mi presencia física.

Busco una oportunidad donde pueda aplicar mi experiencia concreta en mapeo catastral mientras contribuyo a la evolución del equipo hacia un análisis más avanzado. Estoy convencido de que mi capacidad para trabajar de manera híbrida y mi enfoque orientado a resultados pueden aportar valor inmediato desde el primer día.

Quedo atento a cualquier detalle adicional que necesiten conocer sobre mis habilidades o proyectos previos.

Atentamente,

[[NOMBRE]]",,,,,
C003,c03,"Estimado equipo de selección en Remote Tech Inc:

Me dirijo a ustedes con entusiasmo tras descubrir la vacante de QA Automation Engineer. Como profesional con tres años de experiencia consolidada en pruebas manuales para aplicaciones móviles, he desarrollado una visión profunda del ciclo completo de desarrollo de software. En mi rol actual dentro de [[EMPLEADOR_ACTUAL]], no solo ejecuto casos, sino que busco activamente puntos de mejora en los flujos de trabajo existentes.

Mi mayor orgullo profesional radica en haber diseñado 200 casos de prueba complejos, una iniciativa que permitió reducir la incidencia de bugs en producción un 30%. Este logro me enseñó que la calidad no es solo un departamento, sino una responsabilidad compartida desde el diseño hasta la entrega. Estoy convencido de que mi enfoque analítico y mi capacidad para identificar fallos tempranos son activos valiosos para su equipo.

Aunque mi trayectoria se ha centrado históricamente en lo manual, tengo un interés genuino y una disposición sólida para adentrarme en el mundo del automatizado. Entiendo perfectamente la importancia de herramientas como Selenium o Cypress para escalar la eficiencia, aunque aún no las domino a la perfección. Me considero una persona curiosa y proactiva, lista para aprender rápidamente los lenguajes y frameworks necesarios para aportar valor inmediato desde el primer día.

Admiro mucho la cultura de Remote Tech Inc y su enfoque en soluciones tecnológicas innovadoras. Creo que mi combinación de experiencia práctica en entornos móviles y mi motivación por dominar nuevas herramientas me posicionan como un candidato ideal para este rol remoto. Estoy convencido de que puedo contribuir significativamente a sus objetivos de calidad mientras aprendo junto con el equipo.

Quedo a su entera disposición para conversar sobre cómo mis habilidades pueden alinearse con las necesidades actuales de Remote Tech Inc.

Atentamente,

[[NOMBRE]]",,,,,
C004,c03,"Estimado equipo de Remote Tech Inc:

Les escribo para presentar mi postulación al puesto de QA Automation Engineer en modalidad remota. Cuento con tres años de experiencia trabajando como QA manual en aplicaciones móviles, una trayectoria que me ha permitido consolidar un criterio analítico riguroso y un fuerte compromiso con la estabilidad de los productos digitales.

A lo largo de este tiempo en [[EMPLEADOR_ACTUAL]], he enfocado mis esfuerzos en optimizar la cobertura y prevenir incidencias críticas. Entre mis principales resultados, diseñé 200 casos de prueba estructurados y logré reducir los errores en producción en un 30 %. Este logro refleja mi enfoque preventivo y la importancia que le doy a la calidad en cada etapa del ciclo de desarrollo.

Actualmente busco dar el siguiente paso en mi carrera hacia la automatización de pruebas, un área que me entusiasma profundamente. Me motiva la oportunidad de integrarme a Remote Tech Inc y tengo total disposición para profundizar mis conocimientos y capacitarme en herramientas como Selenium, Cypress y pruebas de API, así como adaptarme a dinámicas de trabajo que requieran inglés a nivel profesional.

Agradezco de antemano el tiempo dedicado a revisar mi perfil y adjunto mi currículum para que puedan conocer más sobre mi trayectoria. Estaré encantado de conversar con ustedes en una entrevista sobre cómo puedo sumar valor a su equipo de calidad.

Saludos cordiales,

[[NOMBRE]]",,,,,
C005,c02,"Estimado equipo de CodeLab,

Me dirijo a ustedes con entusiasmo tras descubrir su oferta para el puesto de Desarrollador Backend Junior. Como profesional que ha transitado desde el soporte técnico hasta la automatización de procesos, veo en esta oportunidad una alineación perfecta entre mis habilidades actuales y las necesidades técnicas de su organización.

En mi rol actual dentro de [[EMPLEADOR_ACTUAL]], me dedico a brindar soporte a usuarios, pero mi verdadera pasión reside en optimizar flujos de trabajo mediante el código. Recientemente logré automatizar completamente el inventario utilizando Python, una tarea que antes requería horas manuales. Este esfuerzo no solo eliminó la necesidad de intervención humana repetitiva, sino que logró ahorrar 15 horas semanales para el equipo. Ese proyecto me enseñó a pensar en sistemas escalables y eficientes, competencias que considero fundamentales para un rol de backend.

Entiendo que su posición busca perfiles con conocimientos en Python, Django, SQL y Git, trabajando en modalidad remota. Aunque mi trayectoria se centra principalmente en soporte y automatización, he desarrollado una sólida base en la gestión de bases de datos relacionales y el control de versiones mediante Git. Mi enfoque ha sido siempre construir soluciones prácticas que resuelvan problemas reales, algo que admiro profundamente en su cultura tecnológica.

Estoy convencido de que mi capacidad para aprender rápidamente nuevas arquitecturas y mi experiencia aplicando Python a escenarios complejos me permitirán aportar valor inmediato a sus proyectos. Me gustaría mucho la oportunidad de conversar sobre cómo puedo contribuir al crecimiento técnico de CodeLab desde el primer día, demostrando no solo lo que sé hacer hoy, sino también con qué rapidez puedo adaptarme a los desafíos futuros del equipo.

Agradezco su tiempo y consideración. Quedo atento a sus noticias para una posible entrevista.

Atentamente,

[[NOMBRE]]",,,,,
C006,c09,"Estimado equipo de selección de HelpDesk Co:

Me dirijo a ustedes con gran entusiasmo para presentar mi postulación al puesto de Customer Success Specialist en modalidad remota. He seguido con atención la labor de HelpDesk Co y me identifico plenamente con su compromiso de brindar un servicio confiable y de calidad a cada usuario.

Actualmente me desempeño como agente bilingüe en [[EMPLEADOR_ACTUAL]], acumulando cuatro años de experiencia dedicados a la atención y soporte de clientes en Estados Unidos, gestionando la comunicación enteramente en inglés. Durante este periodo, mi prioridad ha sido construir interacciones empáticas y orientadas a la resolución efectiva de problemas. Gracias a este enfoque constante, alcancé y mantuve un CSAT promedio del 96 % a lo largo de dos años, un resultado que refleja mi compromiso con la satisfacción del usuario y la excelencia en el servicio.

Me motiva dar el siguiente paso profesional con HelpDesk Co. Junto con mi experiencia en atención a clientes norteamericanos, cuento con un alto interés y total disposición para integrarme rápidamente a su entorno de trabajo, aprender el uso de Zendesk y familiarizarme a fondo con el modelo SaaS para aportar valor al equipo.

Agradezco sinceramente el tiempo dedicado a revisar mi postulación. Quedo a su disposición para conversar en una entrevista sobre cómo mi experiencia puede contribuir al éxito de sus clientes.

Atentamente,

[[NOMBRE]]",,,,,
C007,c08,"Estimado equipo de SaaS Latam,

Escribo para expresar mi gran interés en la vacante de Key Account Manager B2B. Tras seguir la trayectoria de SaaS Latam, me entusiasma la oportunidad de aplicar mi experiencia en el ciclo completo de ventas dentro de una empresa líder en la región.

Durante mis cinco años en [[EMPLEADOR_ACTUAL]], he desarrollado una sólida capacidad para gestionar y expandir cuentas clave. Mi enfoque siempre ha sido construir relaciones de valor a largo plazo con los clientes, lo cual ha sido fundamental para mi desempeño en el puesto de Ejecutivo de Ventas.

Me atrae particularmente el enfoque de su empresa en el mercado latinoamericano y la naturaleza remota del puesto, lo que me permite mantener la alta productividad sin las limitaciones geográficas. Estoy muy interesado en aplicar mis habilidades de negociación y mi experiencia en el manejo de cuentas complejas para contribuir directamente al crecimiento de sus ingresos.

Aunque mi experiencia ha sido muy práctica, estoy muy dispuesto a profundizar mis conocimientos en herramientas específicas como Salesforce y a seguir fortaleciendo mis competencias en el idioma inglés para adaptarme rápidamente a los ritmos de trabajo de SaaS Latam.

Adjunto mi currículum vitae para su revisión, donde podrá encontrar más detalles sobre mi trayectoria. Agradezco de antemano su tiempo y consideración. Estaría encantado de conversar sobre cómo mi perfil puede alinearse con los objetivos de su equipo.

Atentamente,

[[NOMBRE]]",,,,,
C008,c02,"Estimado equipo de CodeLab:

Les escribo para presentar mi postulación al puesto de Desarrollador backend junior en modalidad remota. Me entusiasma la oportunidad de integrarme a CodeLab y aportar una perspectiva orientada a la resolución de problemas y la optimización de procesos.

Actualmente me desempeño en el área de soporte técnico en [[EMPLEADOR_ACTUAL]]. A lo largo de esta etapa, además de brindar asistencia a los usuarios, he aprovechado cada oportunidad para desarrollar soluciones mediante scripts en Python. Uno de mis resultados más destacados fue la automatización integral del proceso de inventario, una mejora que redujo tareas operativas y permitió ahorrar 15 horas semanales al equipo.

Esta experiencia me demostró el impacto del desarrollo de software y consolidó mi interés por enfocarme en el backend. Sé que la posición en CodeLab contempla el trabajo con herramientas como Django, SQL y Git; si bien mi experiencia práctica se ha concentrado en Python y la automatización de tareas, cuento con una sólida base lógica y total disposición para aprender e incorporar estas tecnologías con rapidez. Asimismo, mi método de trabajo se adapta con naturalidad a la dinámica remota.

Agradezco el tiempo dedicado a revisar mi postulación y mi currículum adjunto. Quedo a su entera disposición para conversar sobre cómo mis ganas de aprender y mi capacidad de resolución pueden sumar valor a sus proyectos.

Atentamente,

[[NOMBRE]]",,,,,
C009,c01,"Estimado equipo de Recursos Humanos de Grupo Andino,

Me dirijo a ustedes con gran interés tras conocer la vacante de Contadora General. Mi trayectoria de cuatro años en la gestión contable de PYMES me ha permitido desarrollar una base sólida en el ciclo contable completo y en procesos de cierre mensual eficientes.

Actualmente, en [[EMPLEADOR_ACTUAL]], he tenido la oportunidad de optimizar procesos clave, logrando reducir el tiempo de cierre mensual de diez a seis días. Esta experiencia me ha enseñado la importancia de la precisión y la eficiencia operativa, habilidades que considero fundamentales para el puesto que ofrecen.

Aunque mi puesto actual es de Asistente Contable, mi experiencia se ha centrado en asumir responsabilidades que se alinean directamente con las funciones de Contadora General. Estoy muy motivada por la posibilidad de aplicar mis conocimientos en un entorno tan reconocido como el de Grupo Andino.

Entiendo que el puesto requiere un perfil con manejo de herramientas específicas y experiencia en el entorno de la zona 10. Estoy muy interesada en profundizar mis conocimientos en estas áreas y estoy dispuesta a adaptarme rápidamente a los requerimientos operativos de la empresa.

Adjunto mi currículum vitae para su revisión, donde podrán encontrar un detalle más pormenorizado de mi experiencia. Agradezco de antemano su tiempo y consideración. Estaría encantada de conversar con ustedes sobre cómo mi perfil puede contribuir al éxito contable de Grupo Andino.

Atentamente,

[[NOMBRE]]",,,,,
C010,c01,"Estimados reclutadores de Grupo Andino:

Llevo cuatro años gestionando la contabilidad integral de pequeñas y medianas empresas, donde mi rol principal ha sido optimizar los tiempos de cierre mensual. En mi posición actual como Asistente Contable en [[EMPLEADOR_ACTUAL]], logré reducir el tiempo necesario para cerrar el mes de diez a seis días, una mejora del 40% que impactó directamente en la capacidad de toma de decisiones de mis clientes. Este logro no fue solo cuestión de velocidad, sino de un enfoque estructurado para auditar y validar datos antes de cada entrega final.

Sigo con gran interés la oportunidad de pasar al siguiente nivel profesional como Contadora General en Grupo Andino. Admiro el trabajo que realizan en la zona 10 y me gustaría aportar mi experiencia práctica en cierres eficientes a un entorno donde se valora tanto la precisión técnica como la proactividad. Entiendo perfectamente los requisitos del puesto: poseo mi título de Contador(a) Colegiado, tengo dominio avanzado de Excel para modelar escenarios complejos y conozco el funcionamiento del SAT para presentar declaraciones fiscales sin errores.

Aunque no he tenido la oportunidad de trabajar directamente en un grupo corporativo de esta magnitud, estoy plenamente dispuesto a aprender los procesos específicos de Grupo Andino bajo su supervisión. Mi objetivo es integrar mi experiencia con las necesidades de su equipo, asegurando que los reportes financieros sean precisos y oportunos. Estoy convencido de que mi historial de eficiencia puede ser un activo valioso para su departamento financiero.

Quedo a su entera disposición para conversar sobre cómo puedo contribuir al crecimiento de Grupo Andino desde el primer día.

Atentamente,
[[NOMBRE]]",,,,,
C011,c09,"Estimado equipo de HelpDesk Co,

Escribo para expresar mi gran interés en la vacante de Customer Success Specialist. Tras revisar los detalles de la posición, considero que mi trayectoria profesional se alinea de manera muy sólida con lo que buscan en un especialista dedicado a la satisfacción del cliente.

Durante mis cuatro años como Agente bilingüe en [[EMPLEADOR_ACTUAL]], he desarrollado una profunda experiencia atendiendo a clientes en Estados Unidos, lo cual ha fortalecido mis habilidades de comunicación en inglés y mi enfoque en la resolución proactiva de problemas. Mi compromiso con la excelencia en el servicio se refleja en un CSAT promedio del 96% mantenido durante dos años consecutivos.

Me entusiasma la oportunidad de transicionar hacia un rol de Customer Success Specialist, ya que me permite enfocarme no solo en la resolución de incidencias, sino en la construcción de relaciones duraderas y el éxito continuo del usuario con el producto. Estoy muy interesada en el entorno SaaS y en las dinámicas de soporte remoto que ofrece HelpDesk Co.

Aunque mi experiencia ha sido muy práctica en el soporte directo, estoy muy motivada para aplicar mi capacidad de adaptación y mi enfoque orientado al cliente en un contexto más estratégico de Customer Success. Estoy lista para aprender y contribuir activamente al mantenimiento de la alta satisfacción que caracteriza a su empresa.

Agradezco de antemano su tiempo y consideración. Adjunto mi currículum vitae para su revisión y quedo a su disposición para conversar sobre cómo mi experiencia puede beneficiar a HelpDesk Co.

Atentamente,

[[NOMBRE]]",,,,,
C012,c02,"Estimado equipo de CodeLab,

Escribo para expresar mi gran interés en la posición de Desarrollador Backend Junior, tal como se describe en su oferta. He seguido la trayectoria de CodeLab y me entusiasma la oportunidad de aplicar mis habilidades en un entorno de desarrollo tan dinámico y enfocado en la tecnología.

Actualmente, mi rol en [[EMPLEADOR_ACTUAL]] me ha permitido desarrollar una base sólida en el soporte técnico y, más significativamente, en la automatización de procesos mediante scripts en Python. Mi experiencia incluye la optimización de tareas operativas, como la automatización del inventario, lo cual resultó en un ahorro considerable de tiempo semanal para el equipo.

Aunque mi puesto actual es de soporte, mi enfoque ha estado constantemente orientado a la mejora de procesos mediante código. Estoy muy interesado en profundizar mis conocimientos en el desarrollo backend, y considero que mi experiencia práctica con Python y mi disposición para aprender sobre Django, SQL y Git se alinean con lo que buscan.

Me entusiasma la posibilidad de trabajar de forma remota y contribuir a proyectos desafiantes como los que manejan en CodeLab. Estoy listo para sumergirme en el desarrollo backend y aportar mi capacidad de resolución de problemas y mi proactividad.

Adjunto mi CV para que puedan revisar en detalle mi trayectoria. Agradezco de antemano su tiempo y consideración, y quedo a su disposición para conversar sobre cómo mi perfil puede beneficiar a su equipo.

Atentamente,

[[NOMBRE]]",,,,,
C013,c03,"Estimado equipo de Recursos Humanos de Remote Tech Inc,

Escribo para expresar mi gran interés en la posición de QA Automation Engineer. Tras tres años dedicados al aseguramiento de la calidad en aplicaciones móviles en [[EMPLEADOR_ACTUAL]], he consolidado una base sólida en pruebas manuales, y mi objetivo profesional es transicionar y especializarme en el ámbito de la automatización.

Mi experiencia me ha permitido desarrollar un enfoque metódico y orientado a resultados. Por ejemplo, en mi rol actual, tuve la oportunidad de diseñar 200 casos de prueba exhaustivos, lo que contribuyó directamente a reducir los *bugs* detectados en producción en un 30%. Este logro reafirma mi capacidad para ir más allá de la simple ejecución de pruebas, enfocándome en la prevención y la mejora continua de la calidad del producto.

Me entusiasma la oportunidad de aplicar mi disciplina y mi interés por las herramientas de automatización, como Selenium y Cypress, en un entorno 100% remoto como el que ofrece Remote Tech Inc. Aunque mi experiencia formal se centra en el QA manual, estoy muy motivado para profundizar mis conocimientos en *API testing* y estoy dispuesto a invertir el tiempo necesario para alcanzar un nivel avanzado en estas áreas. Además, mi nivel de inglés B2 me permite comunicarme eficazmente en un entorno internacional.

Estoy convencido de que mi proactividad y mi compromiso con la excelencia técnica se alinean perfectamente con lo que buscan en un ingeniero de automatización. Adjunto mi CV para su revisión y quedo a su disposición para conversar sobre cómo mi trayectoria puede aportar valor a su equipo.

Agradezco de antemano su tiempo y consideración.

Atentamente,

[[NOMBRE]]",,,,,
C014,c05,"Estimado equipo de selección del Colegio Horizonte:

Me dirijo a ustedes con gran interés en la oportunidad de formar parte de su equipo, específicamente en un rol de Coordinación Académica. Tras ocho años dedicados a la enseñanza de matemáticas en el nivel de secundaria, he desarrollado una profunda convicción en el poder del acompañamiento pedagógico estructurado para transformar el rendimiento estudiantil.

Mi trayectoria profesional, particularmente en [[EMPLEADOR_ACTUAL]], me ha permitido no solo fortalecer mis conocimientos en la materia, sino también desarrollar una visión integral sobre la gestión curricular y el apoyo al cuerpo docente. Un logro que considero particularmente relevante es haber contribuido significativamente a elevar el promedio de aprobación de la asignatura, pasando de un 60% a un sólido 85%. Este resultado no fue posible únicamente por la instrucción en el aula, sino por implementar estrategias de seguimiento y coordinación que impactaron directamente en la metodología de enseñanza.

Mi objetivo profesional se alinea con el desafío de coordinar procesos académicos, donde pueda aplicar mi experiencia en la mejora continua y el desarrollo de estrategias de aprendizaje efectivas. Estoy convencida de que mi enfoque, que combina la solidez matemática con una visión cercana y colaborativa, encajaría muy bien con la filosofía educativa del Colegio Horizonte.

Adjunto mi currículum vitae para su revisión, donde podrán encontrar más detalles sobre mi experiencia. Estaría encantada de conversar con ustedes sobre cómo mi compromiso con la excelencia educativa puede aportar valor a su institución.

Agradezco de antemano su tiempo y consideración.

Atentamente,

[[NOMBRE]]",,,,,
C015,c07,"Estimado equipo de FinApp:

Les escribo para presentar mi postulación al puesto de Diseñadora UX/UI. He seguido de cerca la propuesta de FinApp y me entusiasma la oportunidad de aportar una mirada enfocada en resolver problemas reales para sus usuarios, combinando criterio visual con resultados medibles.

Actualmente me desempeño como Diseñadora gráfica en [[EMPLEADOR_ACTUAL]], donde he desarrollado proyectos de branding y piezas digitales para más de 30 marcas. Esta trayectoria me permitió comprender cómo la comunicación visual impacta directamente en las decisiones de las personas. Como parte de esta evolución hacia el diseño de productos digitales, rediseñé un flujo de onboarding que incrementó la conversión en un 22 %, confirmando mi interés y compromiso con la optimización de la experiencia de usuario.

Me motiva profundamente integrarme al esquema híbrido de su equipo y dar el siguiente paso formal hacia UX/UI. Cuento con una base sólida en diseño visual y tengo total disposición para profundizar en sus procesos de investigación con usuarios y prototipado en herramientas como Figma, adaptándome con agilidad a sus estándares de trabajo.

Acompaño mi currículum para que puedan conocer más sobre mi trayectoria y resultados. Estaré muy complacida de conversar con ustedes en una entrevista y profundizar en cómo mi experiencia puede sumar valor a los proyectos de FinApp.

Saludos cordiales,

[[NOMBRE]]",,,,,
C016,c04,"Estimado equipo de GeoMapas,

Escribo para expresar mi gran interés en la vacante de Analista GIS. He seguido la trayectoria de GeoMapas y admiro su enfoque en el desarrollo de soluciones geoespaciales avanzadas en la región. Mi experiencia como Técnico GIS en [[EMPLEADOR_ACTUAL]] me ha permitido consolidar una base sólida en mapeo catastral utilizando tanto QGIS como ArcGIS.

Mi trayectoria profesional se ha centrado en la gestión y digitalización de información geográfica crítica. Un logro destacado de mi gestión fue la digitalización de predios en un periodo de un año, lo cual requirió precisión técnica y una metodología de trabajo eficiente.

Estoy particularmente interesado en esta oportunidad porque se alinea con mi desarrollo profesional hacia roles de análisis más profundos. Si bien mi experiencia incluye el manejo de estas plataformas, estoy muy motivado por la posibilidad de profundizar mis conocimientos en Python y adaptarme a los requerimientos de un entorno híbrido. Además, cuento con licencia de conducir, lo cual considero un valor añadido para las labores de campo que puedan requerirse.

Adjunto mi currículum vitae para su revisión, donde podrá encontrar más detalles sobre mi experiencia en el sector. Estoy convencido de que mi perfil, combinado con mi disposición para aprender y crecer con GeoMapas, puede aportar valor significativo a sus proyectos.

Agradezco de antemano su tiempo y consideración. Estaría encantado de conversar sobre cómo mis habilidades pueden contribuir al equipo.

Atentamente,

[[NOMBRE]]",,,,,
C017,c01,"Estimado equipo de selección de Grupo Andino:

Me dirijo a ustedes con gran entusiasmo para presentar mi postulación al puesto de Contadora General. Sigo con atención la trayectoria de Grupo Andino y me motiva la oportunidad de integrarme a su equipo de manera presencial en zona 10.

Cuento con cuatro años de experiencia llevando la contabilidad de diversas pymes y coordinando cierres mensuales continuos. En mi rol actual como asistente contable en [[EMPLEADOR_ACTUAL]], he desarrollado un método de trabajo enfocado en la eficiencia operativa, el orden y el rigor técnico. Un logro representativo de mi gestión fue la optimización de los flujos de trabajo contables, con lo cual reduje el tiempo del cierre mensual de diez a seis días, facilitando reportes confiables y oportunos para la toma de decisiones del negocio.

Asumir la posición de Contadora General representa el paso consecuente en mi trayectoria. Conozco las exigencias del cargo y cuento con la total disposición para adaptarme a sus dinámicas internas, así como para aplicar y profundizar en el manejo de las herramientas avanzadas y los requerimientos de la SAT necesarios para el cumplimiento de sus objetivos.

Agradezco el tiempo dedicado a revisar el currículum vitae adjunto y quedo a su entera disposición para profundizar en mi perfil durante una entrevista.

Atentamente,

[[NOMBRE]]",,,,,
C018,c06,"Estimado equipo de selección de EcoVerde ONG:

Hace doce años que lidero equipos de manufactura en [[EMPLEADOR_ACTUAL]], donde mi gestión ha permitido optimizar procesos complejos sin sacrificar la calidad ni el bienestar del personal. Hoy, con una trayectoria consolidada dirigiendo a más de ochenta colaboradores, busco aplicar esa experiencia para impulsar la sostenibilidad desde un rol de coordinación estratégica.

Lo que más me atrae de su propuesta es el desafío concreto de reducir el consumo energético en un 18% durante dos años logro que he logrado en mi sector actual mediante análisis de datos y cambios operativos tangibles. Entiendo que este objetivo requiere una visión integral, donde la eficiencia técnica se entrelaza con la cultura organizacional. Mi enfoque no reside solo en implementar herramientas, sino en construir equipos capaces de ejecutar proyectos de manera autónoma y responsable.

Estoy profundamente interesado en coordinar iniciativas bajo estándares ISO y generar reportes alineados a los criterios GRI, áreas donde mi historial demuestra capacidad para traducir métricas abstractas en acciones reales que impactan positivamente el medio ambiente. Mi disponibilidad es presencial, lo cual me permite estar inmerso en la dinámica del equipo desde el primer día.

No busco un puesto más como una carrera; quiero aportar valor inmediato a una organización que ya está demostrando su compromiso con el planeta. Estoy dispuesto a aprender las herramientas específicas de su metodología si no coincide exactamente con mi experiencia previa, siempre manteniendo la disciplina y el rigor que he cultivado durante años en la industria.

Quedo atento para conversar sobre cómo mis logros previos pueden resonar con los objetivos actuales de EcoVerde ONG.

Atentamente,
[[NOMBRE]]",,,,,
C019,c04,"Estimado equipo de GeoMapas:

Me dirijo a ustedes con gran entusiasmo para presentar mi postulación a la posición de Analista GIS en GeoMapas. Conozco la destacada labor que realizan en el sector geoespacial y considero que mi perfil se alinea con los objetivos de su equipo.

Actualmente me desempeño como Técnico GIS en [[EMPLEADOR_ACTUAL]], donde centro mi labor en el mapeo catastral mediante el uso continuo de QGIS y ArcGIS. En este puesto he consolidado un manejo riguroso de información espacial, asegurando la calidad técnica de las bases de datos y la exactitud en la representación territorial.

El rol de Analista GIS en su organización representa una excelente oportunidad para asumir mayores desafíos técnicos. Junto con mi experiencia en ArcGIS y QGIS, tengo un genuino interés y entera disposición para incorporar herramientas como Python básico en la optimización de flujos de trabajo, así como para adaptarme plenamente a la modalidad híbrida y a los requerimientos de movilidad que demanda el puesto.

Agradezco sinceramente el tiempo y la atención que brinden a mi postulación. Quedo a su disposición para mantener una conversación y profundizar en cómo mis competencias pueden contribuir al éxito de GeoMapas.

Atentamente,

[[NOMBRE]]",,,,,
C020,c06,"Estimado equipo de EcoVerde ONG,

Escribo para expresar mi gran interés en la posición de Coordinador de Sostenibilidad. He seguido la labor de EcoVerde ONG y admiro profundamente el compromiso de la organización con la gestión ambiental y el desarrollo sostenible en la región. Mi trayectoria profesional, construida a lo largo de doce años en el sector manufacturero, me ha proporcionado una visión integral de la optimización de procesos, la gestión de equipos grandes y la implementación de mejoras operativas significativas.

Aunque mi experiencia reciente como Gerente de planta en [[EMPLEADOR_ACTUAL]] se ha centrado en la manufactura, mi enfoque siempre ha estado en la eficiencia de recursos. De hecho, en mi rol actual, logré reducir el consumo energético en un 18% durante un periodo de dos años, lo cual demuestra mi capacidad para traducir objetivos de sostenibilidad en resultados operativos medibles.

Me entusiasma la oportunidad de aplicar esta mentalidad de mejora continua en un contexto tan enfocado en el impacto social y ambiental como el de EcoVerde ONG. Estoy particularmente interesado en la gestión de proyectos y en la elaboración de reportes que sigan estándares internacionales como los GRI. Estoy convencido de que mi experiencia liderando equipos de hasta 80 personas, combinada con mi visión práctica de la optimización de recursos, puede aportar un valor tangible a sus iniciativas.

Adjunto mi currículum vitae para su revisión y quedo a su disposición para conversar sobre cómo mi perfil puede alinearse con las necesidades de su equipo.

Atentamente,

[[NOMBRE]]",,,,,
C021,c07,"Estimado equipo de FinApp,

Escribo para expresar mi gran interés en la vacante de Diseñadora UX/UI. He seguido la trayectoria de FinApp y admiro la forma en que están innovando en el sector financiero a través de experiencias digitales centradas en el usuario. Mi transición de diseñadora gráfica a un rol más enfocado en la experiencia de usuario es un paso natural, impulsado por mi deseo de impactar la usabilidad y la conversión de productos digitales.

Mi experiencia previa en el desarrollo de branding y piezas digitales para más de 30 marcas me ha proporcionado una base sólida en la comunicación visual y la coherencia de marca. Sin embargo, mi enfoque reciente ha sido aplicar estas habilidades a problemas de interacción directa. De hecho, tuve la oportunidad de rediseñar un proceso de *onboarding* que resultó en un aumento significativo de la conversión del 22%. Este logro reafirmó mi pasión por el *user research* y el prototipado basado en datos reales.

Estoy muy entusiasmada con la oportunidad de aplicar mi visión en Figma y mi interés por el ciclo completo del diseño UX/UI, desde la investigación con usuarios hasta la entrega de prototipos funcionales. Aunque mi experiencia formal ha sido en diseño gráfico, mi portafolio refleja mi capacidad para abordar desafíos de usabilidad y mi disposición a profundizar en las metodologías específicas que manejan.

Adjunto mi CV para su revisión y espero con interés la posibilidad de conversar sobre cómo mi enfoque creativo y mi orientación a resultados pueden contribuir al equipo de FinApp.

Atentamente,

[[NOMBRE]]",,,,,
C022,c09,"Estimado equipo de selección en HelpDesk Co:

Me dirijo a ustedes con entusiasmo tras descubrir la oportunidad para el puesto de Customer Success Specialist. Mi trayectoria se ha construido sobre cuatro años dedicados exclusivamente a brindar atención de calidad a clientes estadounidenses, lo que me ha permitido desarrollar una fluidez natural en el idioma inglés y una comprensión profunda de las necesidades del mercado SaaS. Actualmente laboro como agente bilingüe en [[EMPLEADOR_ACTUAL]], donde mi enfoque principal es transformar la interacción inicial en una relación de largo plazo basada en la confianza y la resolución efectiva de problemas.

En este rol, he logrado mantener un promedio de satisfacción del cliente (CSAT) del 96% durante dos años consecutivos. Este indicador no es solo un número; representa el resultado de escuchar activamente a mis usuarios, anticipar sus necesidades antes de que se conviertan en incidencias y ofrecer soluciones personalizadas que realmente impacten su productividad. Entiendo que en HelpDesk Co la excelencia técnica debe ir acompañada siempre de una calidez humana, algo que he cultivado diariamente con cada llamada o ticket que resuelvo.

Aunque mi experiencia actual no menciona Zendesk explícitamente, tengo una disposición genuina y rápida para dominar nuevas herramientas de gestión de clientes, dado que la adaptabilidad es clave en este entorno remoto. Lo que busco es un espacio donde pueda aplicar mis habilidades bilingües y mi historial comprobado de éxito para ayudar a las empresas a retener y crecer sus usuarios. Estoy convencido de que mi capacidad para convertir una primera impresión positiva en una lealtad duradera coincide perfectamente con los valores de su equipo.

Quedo a su entera disposición para conversar sobre cómo puedo aportar valor desde el primer día.

Atentamente,

[[NOMBRE]]",,,,,
C023,c07,"Estimados miembros del equipo de FinApp,

Me dirijo con entusiasmo para presentar mi perfil como candidata al puesto de Diseñadora UX/UI. Como diseñadora gráfica actual en [[EMPLEADOR_ACTUAL]], he dedicado los últimos años a crear identidades visuales y piezas digitales impactantes para una cartera de 30 marcas diversas. Mi trayectoria se ha caracterizado por buscar soluciones que no solo sean estéticamente sólidas, sino que también generen valor tangible para el negocio.

Recientemente lideré un proyecto clave donde rediseñé completamente el proceso de onboarding de una plataforma financiera. Al aplicar metodologías centradas en el usuario y simplificar la navegación inicial, logré aumentar la conversión del 22%. Este logro me demuestra mi capacidad para traducir datos complejos en experiencias fluidas que impulsan los objetivos comerciales. Entiendo profundamente cómo una buena interfaz puede reducir la fricción en momentos críticos de decisión, algo que considero vital para un entorno como el de FinApp.

Aunque mi experiencia principal ha sido en branding y diseño gráfico tradicional, tengo un genuino interés y disposición para adentrarme en el prototipado avanzado con Figma y la investigación profunda con usuarios que requiere este rol híbrido. Mi enfoque es siempre colaborativo, buscando entender los problemas subyacentes antes de proponer soluciones visuales. Estoy convencida de que mi habilidad para conectar la estrategia de marca con la usabilidad puede aportar una perspectiva única a su equipo de diseño.

Quedo a su entera disposición para conversar sobre cómo puedo contribuir al crecimiento de FinApp y demostrar mis competencias en una entrevista personal.

Atentamente,

[[NOMBRE]]",,,,,
C024,c06,"Estimado equipo de EcoVerde ONG:

Les escribo con entusiasmo para presentar mi postulación al puesto de Coordinador de sostenibilidad de manera presencial. Sigo con gran interés el trabajo que llevan adelante y me motiva la posibilidad de contribuir a su misión desde una gestión cercana y comprometida.

Durante mis 12 años de trayectoria en el sector de manufactura he coordinado operaciones y liderado equipos de hasta 80 personas, promoviendo siempre una cultura de trabajo colaborativa y orientada a resultados. En mi rol actual como Gerente de planta en [[EMPLEADOR_ACTUAL]], he impulsado prácticas sostenibles en los procesos; como parte de estas iniciativas, reduje el consumo energético un 18 % en dos años, demostrando que la optimización operativa y la responsabilidad con los recursos van de la mano.

Deseo enfocar esta experiencia en los proyectos de EcoVerde ONG. Aunque mi recorrido proviene del entorno productivo, tengo un genuino interés y total disposición para aprender y profundizar en la gestión de proyectos de la organización, así como en la elaboración de reportes GRI. Mi propósito es poner mi capacidad de liderazgo, planificación y trabajo con personas al servicio de sus metas institucionales.

Agradezco la oportunidad de considerar mi candidatura para integrarme a su equipo de forma presencial. Estaré muy a gusto de conversar con ustedes en una entrevista para profundizar sobre cómo mi perfil puede sumar al impacto positivo de EcoVerde ONG.

Cordialmente,

[[NOMBRE]]",,,,,
C025,c10,"Estimado equipo de Edifica:

Les escribo con gran entusiasmo para presentar mi postulación a la posición de Project manager de construcción. Conozco la destacada trayectoria de su empresa en el desarrollo de proyectos y me motiva profundamente la oportunidad de aportar mi experiencia de manera presencial en sus obras.

Actualmente me desempeño como Ingeniero residente en [[EMPLEADOR_ACTUAL]] y cuento con 10 años de experiencia supervisando obra civil. A lo largo de esta trayectoria, he centrado mi gestión en la coordinación efectiva de cuadrillas y el cumplimiento estricto de los objetivos del proyecto. Como parte de mis logros principales, entregué 3 edificios a tiempo y 5 % bajo presupuesto, lo que demuestra mi capacidad para cuidar los recursos y optimizar los plazos de entrega sin comprometer la calidad técnica.

En cuanto a los requerimientos del puesto, mi labor directa en obra me ha permitido desarrollar un liderazgo cercano con los equipos en terreno. Asimismo, tengo total disposición para trabajar bajo la modalidad presencial y un gran interés por incorporar formalmente el estándar PMP, así como por aplicar y afianzar el uso de herramientas como AutoCAD y MS Project según las directrices de su organización.

Agradezco de antemano el tiempo dedicado a revisar mi postulación y mi currículum adjunto. Quedo a su disposición para mantener una entrevista y conversar sobre cómo puedo sumar valor a los futuros proyectos de Edifica.

Atentamente,

[[NOMBRE]]",,,,,
C026,c05,"Estimado equipo directivo de Colegio Horizonte:

Me dirijo a ustedes con el propósito de presentar mi postulación a la posición de Coordinadora académica en Colegio Horizonte. Tras conocer su propuesta educativa, me entusiasma la posibilidad de sumar mi experiencia docente y mi vocación pedagógica al acompañamiento de su comunidad escolar.

Durante los últimos ocho años me he desempeñado como maestra de matemática en secundaria en [[EMPLEADOR_ACTUAL]]. En este trayecto en el aula, he comprobado que el progreso de los estudiantes depende directamente del diseño de estrategias pedagógicas claras, del trabajo colaborativo entre docentes y del seguimiento constante a los procesos de aprendizaje.

Uno de los resultados más significativos de mi labor docente fue haber subido el promedio de aprobación de mis alumnos de un 60 % a un 85 %. Este logro fue posible gracias a la implementación de dinámicas de apoyo continuo, la revisión de objetivos y una comunicación cercana con los estudiantes. Deseo trasladar esta visión orientada a resultados formativos y a la mejora continua hacia la gestión y coordinación académica de su institución.

Me motiva asumir este nuevo desafío en Colegio Horizonte para respaldar la labor del cuerpo docente, fomentar la excelencia académica y velar por el desarrollo integral de los estudiantes de secundaria. Agradezco la oportunidad de revisar mi currículum vítae y quedo a su entera disposición para conversar en una entrevista sobre cómo puedo aportar a sus metas institucionales.

Atentamente,

[[NOMBRE]]",,,,,
C027,c08,"Estimado equipo de reclutamiento:

Me presento como un profesional apasionado por el crecimiento empresarial en el ecosistema SaaS de Latinoamérica, con una trayectoria sólida consolidada durante cinco años en mi posición actual como Ejecutivo de ventas dentro de [[EMPLEADOR_ACTUAL]]. Mi enfoque se centra en transformar dinámicas comerciales tradicionales mediante estrategias modernas de gestión de cuentas y relaciones clave.

En 2024, lideré iniciativas que resultaron en el cierre exitoso de contratos significativos, demostrando una capacidad comprobada para identificar oportunidades de alto valor y cerrarlas con eficiencia. Esta experiencia me ha permitido desarrollar un ojo agudo para la negociación estratégica y una comprensión profunda del ciclo de vida de los clientes B2B. Busco ahora aplicar estas habilidades a un rol de Key Account Manager en SaaS Latam, donde pueda aportar valor inmediato a través de la gestión proactiva de cuentas estratégicas y la fidelización de sus mejores clientes.

Aunque mi perfil actual se ha centrado principalmente en ventas ejecutivas, tengo un interés genuino y una disposición activa para profundizar en el uso del CRM Salesforce y las herramientas específicas de gestión de cuentas B2B que requiere su organización. Mi compromiso es aprender rápidamente los sistemas internos para integrar mis capacidades de negociación y cierre con la tecnología que ustedes utilizan.

Estoy convencido de que mi experiencia combinada con mi motivación por adaptarme a nuevos entornos tecnológicos me posiciona como un aliado estratégico para impulsar sus objetivos de expansión regional. Me encantaría discutir cómo puedo contribuir al crecimiento de su equipo desde el primer día.

Atentamente,

[[NOMBRE]]",,,,,
C028,c08,"Estimado equipo de selección de SaaS Latam:

Les escribo con gran entusiasmo para presentar mi postulación a la posición de Key account manager. Conozco el liderazgo de SaaS Latam en la región y me motiva profundamente la oportunidad de incorporarme a su equipo bajo la modalidad remota.

Actualmente me desempeño como Ejecutivo de ventas, rol en el que cuento con cinco años de trayectoria en [[EMPLEADOR_ACTUAL]]. Durante este tiempo, me he enfocado en la atención comercial y en el cierre de contratos concretado durante 2024, manteniendo siempre un trato cercano y un alto compromiso con cada cuenta asignada.

Dar el paso hacia el rol de Key account manager representa la evolución natural de mi carrera. En relación con las necesidades de la oferta, como el enfoque B2B, el manejo de CRM como Salesforce, la negociación y el idioma inglés, cuento con un enorme interés y absoluta disposición para aprender, desarrollarme y adoptar ágilmente los procesos y herramientas de la organización.

Acompaño mi currículum vitae para que puedan revisar los detalles de mi perfil. Agradezco de antemano el tiempo dedicado a considerar mi postulación y quedo a su entera disposición para mantener una conversación sobre cómo puedo sumar valor a los objetivos de SaaS Latam.

Atentamente,

[[NOMBRE]]",,,,,
C029,c05,"Estimados miembros del equipo de selección de Colegio Horizonte:

Me dirijo a ustedes con gran entusiasmo tras leer las oportunidades para la posición de Coordinadora académica en su institución. Con ocho años dedicados a enseñar matemática en secundaria, he desarrollado una profunda comprensión no solo de los contenidos curriculares, sino también de las necesidades dinámicas de cada grupo de estudiantes. Mi trayectoria se ha caracterizado por un enfoque proactivo y centrado en el aprendizaje, lo que me permite identificar rápidamente las brechas educativas y diseñar estrategias personalizadas para cerrarlas.

Uno de mis logros más significativos fue liderar una iniciativa integral que elevó el promedio de aprobación de la clase desde un 60% hasta un 85%. Este éxito no se debió a un método único, sino a la combinación de una enseñanza clara, la implementación de actividades prácticas y un seguimiento constante del progreso individual. Entiendo que en una coordinadora académica es vital traducir estos resultados tangibles en políticas escolares sostenibles que beneficien a toda la comunidad educativa.

Aunque actualmente laboro como maestra bajo la dirección de [[EMPLEADOR_ACTUAL]], mi motivación para buscar nuevos desafíos radica en el deseo de ampliar mi impacto más allá del aula. Estoy convencida de que puedo aportar valor inmediato a Colegio Horizonte mediante mi experiencia gestionando proyectos académicos y fomentando un ambiente de aprendizaje colaborativo. Mi objetivo es colaborar con ustedes para construir programas que no solo mejoren los resultados estudiantiles, sino que también fortalezcan la identidad institucional.

Quedo a su entera disposición para conversar sobre cómo mis habilidades se alinean con las metas de su colegio. Agradezco de antemano su tiempo y consideración en este proceso.

Atentamente,

[[NOMBRE]]",,,,,
