caso,modelo,lugar,latencia_total_s,ttft_s,tokens_por_s,tokens_entrada,tokens_salida,rss_pico_mb,ps_size_mb,ps_vram_mb,calidad,n_palabras,longitud_ok,marcador_nombre,sin_dinero,menciona_puesto_y_empresa,saludo_y_despedida,en_espanol,requisitos_sin_respaldo,cuales_sin_respaldo,error
c01,gemma4:e4b,local,9.749,,,,,,,,1.0,232,1,1,1,1,1,1,0,,
c02,gemma4:e4b,local,10.338,,,,,,,,1.0,235,1,1,1,1,1,1,3,django; sql; git,
c03,gemma4:e4b,local,10.733,,,,,,,,1.0,268,1,1,1,1,1,1,4,selenium; cypress; api; inglés,
c04,gemma4:e4b,local,9.423,,,,,,,,1.0,233,1,1,1,1,1,1,2,python; licencia,
c05,gemma4:e4b,local,10.575,,,,,,,,0.833,249,1,1,1,0,1,1,0,,
c06,gemma4:e4b,local,10.814,,,,,,,,1.0,247,1,1,1,1,1,1,2,proyectos; gri,
c07,gemma4:e4b,local,10.122,,,,,,,,1.0,257,1,1,1,1,1,1,4,figma; prototipado; research; portafolio,
c08,gemma4:e4b,local,9.524,,,,,,,,1.0,231,1,1,1,1,1,1,3,salesforce; negociación; inglés,
c09,gemma4:e4b,local,10.788,,,,,,,,1.0,252,1,1,1,1,1,1,1,saas,
c10,gemma4:e4b,local,30.164,,,,,,,,1.0,239,1,1,1,1,1,1,2,project; liderazgo,
c01,qwen3.5:4b,local,58.538,,,,,,,,1.0,266,1,1,1,1,1,1,2,excel; sat,
c02,qwen3.5:4b,local,60.789,,,,,,,,1.0,288,1,1,1,1,1,1,3,django; sql; git,
c03,qwen3.5:4b,local,61.8,,,,,,,,1.0,294,1,1,1,1,1,1,3,selenium; cypress; api,
c04,qwen3.5:4b,local,61.578,,,,,,,,1.0,285,1,1,1,1,1,1,2,python; licencia,
c05,qwen3.5:4b,local,58.291,,,,,,,,1.0,273,1,1,1,1,1,1,0,,
c06,qwen3.5:4b,local,56.363,,,,,,,,0.833,269,1,1,1,0,1,1,2,proyectos; gri,
c07,qwen3.5:4b,local,55.026,,,,,,,,1.0,251,1,1,1,1,1,1,2,figma; prototipado,
c08,qwen3.5:4b,local,54.234,,,,,,,,1.0,254,1,1,1,1,1,1,3,crm; salesforce; negociación,
c09,qwen3.5:4b,local,58.454,,,,,,,,1.0,282,1,1,1,1,1,1,2,zendesk; saas,
c10,qwen3.5:4b,local,49.604,,,,,,,,1.0,237,1,1,1,1,1,1,2,pmp; project,
c01,gemini,nube,8.194,,,,,,,,1.0,213,1,1,1,1,1,1,1,sat,
c02,gemini,nube,12.185,,,,,,,,1.0,223,1,1,1,1,1,1,3,django; sql; git,
c03,gemini,nube,7.089,,,,,,,,1.0,224,1,1,1,1,1,1,4,selenium; cypress; api; inglés,
c04,gemini,nube,11.849,,,,,,,,1.0,195,1,1,1,1,1,1,1,python,
c05,gemini,nube,10.84,,,,,,,,1.0,234,1,1,1,1,1,1,0,,
c06,gemini,nube,15.493,,,,,,,,1.0,230,1,1,1,1,1,1,2,proyectos; gri,
c07,gemini,nube,7.664,,,,,,,,1.0,216,1,1,1,1,1,1,2,figma; prototipado,
c08,gemini,nube,11.712,,,,,,,,1.0,206,1,1,1,1,1,1,4,crm; salesforce; negociación; inglés,
c09,gemini,nube,12.346,,,,,,,,1.0,222,1,1,1,1,1,1,2,zendesk; saas,
c10,gemini,nube,17.634,,,,,,,,1.0,229,1,1,1,1,1,1,4,pmp; autocad; project; liderazgo,
