caso,modelo,rep,tarea,calidad,carga_modelo_s,cifras_inventadas,cita_alguna_cifra,cita_porcentaje,dice_cuando,en_espanol,json_valido,latencia_total_s,longitud_ok,modalidad_ok,n_palabras,orden,primera_persona,ps_size_mb,ps_vram_mb,recall_requisitos,rss_pico_mb,sin_cifras_inventadas,tokens_entrada,tokens_por_s,tokens_salida,ttft_s
c01,gemma4:e4b,0,nota,0.8,0.032,,0,0,1,1,,5.298,1,,115,0,0,3095.9,3095.9,,77.8,1,244,41.0,148,1.059
c01,gemma4:e4b,1,nota,0.8,0.017,,0,0,1,1,,3.927,1,,116,1,0,3095.9,3095.9,,77.8,1,244,41.7,149,0.247
c01,gemma4:e4b,0,extraccion,1.0,0.032,,,,,,1,2.687,,1,,2,,3095.9,3095.9,1.0,77.9,,154,43.9,41,0.873
c01,gemma4:e4b,1,extraccion,1.0,0.039,,,,,,1,1.339,,1,,3,,3095.9,3095.9,1.0,77.9,,154,45.0,41,0.326
c02,gemma4:e4b,0,nota,0.8,0.033,,0,0,1,1,,5.536,1,,130,4,0,3095.9,3095.9,,78.0,1,231,43.1,168,0.963
c02,gemma4:e4b,1,nota,0.8,0.038,,0,0,1,1,,4.023,1,,121,5,0,3095.9,3095.9,,78.0,1,231,41.1,153,0.293
c02,gemma4:e4b,0,extraccion,1.0,0.041,,,,,,1,2.518,,1,,6,,3095.9,3095.9,1.0,78.0,,121,42.2,33,0.728
c02,gemma4:e4b,1,extraccion,1.0,0.033,,,,,,1,1.267,,1,,7,,3095.9,3095.9,1.0,78.0,,121,43.4,33,0.31
c03,gemma4:e4b,0,nota,0.8,0.021,,0,0,1,1,,5.431,1,,119,8,1,3095.9,3095.9,,78.0,1,255,40.2,155,0.911
c03,gemma4:e4b,1,nota,0.8,0.037,,0,0,1,1,,4.069,1,,127,9,0,3095.9,3095.9,,78.1,1,255,43.9,166,0.247
c03,gemma4:e4b,0,extraccion,1.0,0.026,,,,,,1,2.541,,1,,10,,3095.9,3095.9,1.0,78.2,,147,44.9,39,0.891
c03,gemma4:e4b,1,extraccion,1.0,0.032,,,,,,1,1.248,,1,,11,,3095.9,3095.9,1.0,78.2,,147,45.3,39,0.33
c04,gemma4:e4b,0,nota,0.8,0.032,,0,0,1,1,,5.317,1,,120,12,0,3095.9,3095.9,,78.2,1,252,44.0,157,1.002
c04,gemma4:e4b,1,nota,0.8,0.004,,0,0,1,1,,4.004,1,,113,13,0,3095.9,3095.9,,78.2,1,252,43.9,150,0.251
c04,gemma4:e4b,0,extraccion,1.0,0.004,,,,,,1,2.625,,1,,14,,3095.9,3095.9,1.0,78.4,,145,44.5,42,0.799
c04,gemma4:e4b,1,extraccion,1.0,0.032,,,,,,1,1.308,,1,,15,,3095.9,3095.9,1.0,78.6,,145,44.5,42,0.284
c05,gemma4:e4b,0,nota,0.8,0.037,,0,0,1,1,,5.311,1,,122,16,1,3095.9,3095.9,,78.6,1,213,44.1,155,0.899
c05,gemma4:e4b,1,nota,0.8,0.032,,0,0,1,1,,4.022,1,,118,17,0,3095.9,3095.9,,78.8,1,213,43.9,149,0.295
c06,gemma4:e4b,0,nota,0.8,0.037,,0,0,1,1,,5.571,1,,124,18,1,3095.9,3095.9,,78.8,1,248,43.8,161,1.044
c06,gemma4:e4b,1,nota,0.8,0.017,,0,0,1,1,,5.151,1,,129,19,0,3095.9,3095.9,,78.8,1,248,41.9,166,0.262
c06,gemma4:e4b,0,extraccion,1.0,0.024,,,,,,1,2.707,,1,,20,,3095.9,3095.9,1.0,78.9,,132,43.9,44,0.672
c06,gemma4:e4b,1,extraccion,1.0,0.036,,,,,,1,1.653,,1,,21,,3095.9,3095.9,1.0,78.9,,132,43.4,44,0.339
c07,gemma4:e4b,0,nota,0.8,0.014,,1,0,1,1,,6.076,1,,120,22,0,3095.9,3095.9,,78.9,1,252,43.6,174,1.026
c07,gemma4:e4b,1,nota,0.8,0.036,,0,0,1,1,,4.631,1,,109,23,0,3095.9,3095.9,,78.9,1,252,43.1,155,0.261
c07,gemma4:e4b,0,extraccion,1.0,0.035,,,,,,1,2.835,,1,,24,,3095.9,3095.9,1.0,78.9,,144,44.6,45,0.778
c07,gemma4:e4b,1,extraccion,1.0,0.035,,,,,,1,1.49,,1,,25,,3095.9,3095.9,1.0,78.6,,144,44.7,44,0.28
c08,gemma4:e4b,0,nota,0.8,0.036,,0,0,1,1,,4.839,1,,118,26,0,3095.9,3095.9,,78.6,1,223,43.4,155,0.953
c08,gemma4:e4b,1,nota,0.6,0.036,,0,0,0,1,,4.869,1,,122,27,1,3095.9,3095.9,,78.7,1,223,43.2,155,0.295
c08,gemma4:e4b,0,extraccion,1.0,0.029,,,,,,1,1.736,,1,,28,,3095.9,3095.9,1.0,78.8,,124,41.5,38,0.783
c08,gemma4:e4b,1,extraccion,1.0,0.038,,,,,,1,1.518,,1,,29,,3095.9,3095.9,1.0,76.4,,124,44.3,38,0.307
c09,gemma4:e4b,0,nota,0.8,0.004,,0,0,1,1,,5.37,1,,122,30,0,3095.9,3095.9,,76.8,1,244,43.8,165,0.878
c09,gemma4:e4b,1,nota,0.8,0.033,,0,0,1,1,,4.051,1,,120,31,0,3095.9,3095.9,,76.9,1,244,44.0,161,0.294
c09,gemma4:e4b,0,extraccion,1.0,0.032,,,,,,1,2.578,,1,,32,,3095.9,3095.9,1.0,77.0,,138,45.2,40,0.854
c09,gemma4:e4b,1,extraccion,1.0,0.038,,,,,,1,1.277,,1,,33,,3095.9,3095.9,1.0,77.1,,138,44.7,40,0.299
c10,gemma4:e4b,0,nota,0.8,0.033,,0,0,1,1,,5.276,1,,114,34,0,3095.9,3095.9,,77.6,1,222,43.9,154,0.903
c10,gemma4:e4b,1,nota,0.8,0.043,,0,0,1,1,,4.105,1,,121,35,1,3095.9,3095.9,,77.6,1,222,43.9,159,0.329
c10,gemma4:e4b,0,extraccion,1.0,0.031,,,,,,1,2.591,,1,,36,,3095.9,3095.9,1.0,77.9,,125,44.7,40,0.655
c10,gemma4:e4b,1,extraccion,1.0,0.036,,,,,,1,1.303,,1,,37,,3095.9,3095.9,1.0,78.1,,125,44.7,40,0.28
c01,qwen3.5:4b,0,nota,1.0,0.039,,1,1,1,1,,13.204,1,,143,38,1,2988.1,2988.1,,78.5,1,250,20.4,204,2.188
c01,qwen3.5:4b,1,nota,0.8,0.004,,1,1,0,1,,8.261,1,,106,39,1,2988.1,2988.1,,78.5,1,250,20.4,161,0.294
c01,qwen3.5:4b,0,extraccion,1.0,0.024,,,,,,1,4.076,,1,,40,,2988.1,2988.1,1.0,78.6,,158,20.8,40,1.206
c01,qwen3.5:4b,1,extraccion,1.0,0.039,,,,,,1,2.556,,1,,41,,2988.1,2988.1,1.0,78.6,,158,21.0,40,0.361
c02,qwen3.5:4b,0,nota,0.8,0.035,,1,0,1,1,,10.263,1,,104,42,0,2988.1,2988.1,,78.8,1,237,20.5,149,1.984
c02,qwen3.5:4b,1,nota,0.8,0.031,40%,1,1,1,1,,10.29,1,,131,43,0,2988.1,2988.1,,78.8,0,237,20.4,184,0.37
c02,qwen3.5:4b,0,extraccion,1.0,0.033,,,,,,1,3.651,,1,,44,,2988.1,2988.1,1.0,78.8,,127,21.1,34,1.044
c02,qwen3.5:4b,1,extraccion,1.0,0.041,,,,,,1,3.908,,1,,45,,2988.1,2988.1,1.0,78.8,,127,20.7,60,0.34
c03,qwen3.5:4b,0,nota,0.8,0.038,,1,0,1,1,,10.012,1,,97,46,0,2988.1,2988.1,,78.8,1,261,20.5,137,2.516
c03,qwen3.5:4b,1,nota,0.8,0.034,,1,0,1,1,,8.77,1,,113,47,1,2988.1,2988.1,,78.8,1,261,20.5,155,0.278
c03,qwen3.5:4b,0,extraccion,1.0,0.032,,,,,,1,3.836,,1,,48,,2988.1,2988.1,1.0,78.8,,153,20.8,52,1.19
c03,qwen3.5:4b,1,extraccion,1.0,0.037,,,,,,1,2.488,,1,,49,,2988.1,2988.1,1.0,78.8,,153,21.0,41,0.345
c04,qwen3.5:4b,0,nota,1.0,0.028,,1,1,1,1,,11.199,1,,116,50,0,2988.1,2988.1,,78.9,1,256,20.5,164,2.135
c04,qwen3.5:4b,1,nota,1.0,0.036,,1,1,1,1,,7.815,1,,111,51,0,2988.1,2988.1,,78.9,1,256,20.4,149,0.311
c04,qwen3.5:4b,0,extraccion,1.0,0.032,,,,,,1,3.907,,1,,52,,2988.1,2988.1,1.0,78.9,,152,20.8,52,1.181
c04,qwen3.5:4b,1,extraccion,1.0,0.032,,,,,,1,2.551,,1,,53,,2988.1,2988.1,1.0,78.7,,152,21.0,42,0.328
c05,qwen3.5:4b,0,nota,1.0,0.038,,1,1,1,1,,9.002,1,,98,54,1,2988.1,2988.1,,78.8,1,219,20.5,128,1.799
c05,qwen3.5:4b,1,nota,1.0,0.039,,1,1,1,1,,8.826,1,,125,55,1,2988.1,2988.1,,79.1,1,219,20.5,164,0.286
c06,qwen3.5:4b,0,nota,0.6,0.034,,1,0,0,1,,10.161,1,,111,56,1,2988.1,2988.1,,79.3,1,255,20.4,152,2.105
c06,qwen3.5:4b,1,nota,1.0,0.039,,1,1,1,1,,9.066,1,,120,57,1,2988.1,2988.1,,79.4,1,255,20.4,164,0.319
c06,qwen3.5:4b,0,extraccion,1.0,0.032,,,,,,1,3.881,,1,,58,,2988.1,2988.1,1.0,79.4,,140,20.8,56,1.132
c06,qwen3.5:4b,1,extraccion,1.0,0.005,,,,,,1,3.805,,1,,59,,2988.1,2988.1,1.0,78.9,,140,20.8,56,0.263
c07,qwen3.5:4b,0,nota,0.8,0.032,"Q14,000",1,1,1,1,,11.129,1,,97,60,1,2988.1,2988.1,,78.9,0,259,20.4,161,2.204
c07,qwen3.5:4b,1,nota,1.0,0.036,,1,1,1,1,,9.853,1,,126,61,1,2988.1,2988.1,,78.9,1,259,20.4,173,0.334
c07,qwen3.5:4b,0,extraccion,1.0,0.032,,,,,,1,3.782,,1,,62,,2988.1,2988.1,1.0,78.9,,151,20.9,44,1.203
c07,qwen3.5:4b,1,extraccion,1.0,0.02,,,,,,1,3.745,,1,,63,,2988.1,2988.1,1.0,78.9,,151,20.7,56,0.293
c08,qwen3.5:4b,0,nota,0.8,0.035,"Q1,100",1,1,1,1,,10.01,1,,115,64,1,2988.1,2988.1,,78.9,0,229,20.4,159,1.849
c08,qwen3.5:4b,1,nota,1.0,0.037,,1,1,1,1,,7.727,1,,105,65,1,2988.1,2988.1,,78.1,1,229,20.4,148,0.289
c08,qwen3.5:4b,0,extraccion,0.917,0.038,,,,,,1,3.787,,1,,66,,2988.1,2988.1,0.75,76.9,,131,20.8,44,1.007
c08,qwen3.5:4b,1,extraccion,0.917,0.039,,,,,,1,2.496,,1,,67,,2988.1,2988.1,0.75,77.4,,131,20.9,44,0.302
c09,qwen3.5:4b,0,nota,1.0,0.042,,1,1,1,1,,9.871,1,,99,68,0,2988.1,2988.1,,77.9,1,249,20.5,142,2.227
c09,qwen3.5:4b,1,nota,1.0,0.036,,1,1,1,1,,8.444,1,,97,69,0,2988.1,2988.1,,78.0,1,249,20.5,150,0.378
c09,qwen3.5:4b,0,extraccion,0.889,0.034,,,,,,1,4.349,,1,,70,,2988.1,2988.1,0.667,78.1,,145,21.0,44,1.242
c09,qwen3.5:4b,1,extraccion,0.889,0.032,,,,,,1,2.806,,1,,71,,2988.1,2988.1,0.667,78.0,,145,21.0,44,0.374
c10,qwen3.5:4b,0,nota,0.8,0.035,,1,0,1,1,,9.337,1,,96,72,1,2988.1,2988.1,,78.0,1,228,20.4,131,1.901
c10,qwen3.5:4b,1,nota,0.8,0.037,,1,0,1,1,,8.384,1,,110,73,1,2988.1,2988.1,,78.1,1,228,20.4,151,0.339
c10,qwen3.5:4b,0,extraccion,1.0,0.032,,,,,,1,4.438,,1,,74,,2988.1,2988.1,1.0,78.1,,132,20.6,68,1.129
c10,qwen3.5:4b,1,extraccion,1.0,0.034,,,,,,1,4.056,,1,,75,,2988.1,2988.1,1.0,78.4,,132,20.6,65,0.371
