id,caso,tarea,texto,claridad_1a5,utilidad_1a5,inventa_datos_si_no,comentario
T000,c09,nota,"Esta expectativa del 18.8% es totalmente realista y alineada con el mercado actual. Debes mencionar la cifra de Q9,500 cuando RR.HH. te solicite los datos en la primera llamada; ancla ahí para negociar dentro del rango superior (Q9,000-Q10,500). Tu argumento debe centrarse en tu dominio técnico combinado con inglés fluido y experiencia probada en Zendesk y soluciones SaaS, lo que garantiza una implementación rápida y eficiente. Recuerda que esta carta de interés no debe contener cifras salariales; úsala solo como referencia estratégica para establecer un tono firme desde el inicio de la conversación.",,,,
T001,c04,nota,"Esta negociación es realista porque tu salario actual de Q7,000 se alinea con el mercado, y tu propuesta de Q7,500 representa un aumento conservador del 7.1%. No menciones esta cifra en la carta de interés; guarda esa información para cuando te pregunten por tus expectativas. En ese momento, ancla cerca del máximo del rango que ellos ya ofrecen (Q9,000 a Q11,000), argumentando que tu dominio técnico en ArcGIS, QGIS y Python, junto con la necesidad de una licencia profesional, justifica un valor superior al actual. Tu objetivo es cerrar el trato dentro de su oferta existente, asegurando así un crecimiento salarial sólido sin desviarte de los parámetros establecidos por la empresa.",,,,
T002,c02,nota,"Tu objetivo de Q12,000 (duplicando tus Q6,000 actuales) es extremadamente ambicioso, dado que no hay rango público en la oferta. No lo menciones en esta carta; deja que ellos propongan un número primero. Solo tras tu primera entrevista, si demuestras dominio de Python, Django, SQL y Git con logros medibles, entonces presenta tu caso. Tu argumento debe centrarse en el valor único que aportas: resolver problemas complejos rápidamente y reducir la dependencia de herramientas externas. Enfócate en cómo tu experiencia técnica específica genera ahorros directos o eficiencia operativa para la empresa. La negociación real ocurrirá en la entrevista, no en esta nota.",,,,
T003,c05,nota,"Estimado/a responsable de RR.HH., me dirijo a ustedes con entusiasmo por mi nuevo rol. Mi salario actual es de Q5,500 y busco una actualización al 9.1% para reflejar mi crecimiento profesional. Aunque no tengo requisitos específicos listados, considero esta expectativa realista dado el mercado actual. La oferta no publica un rango, así que prefiero esperar a que me pidan cifras en nuestra primera conversación presencial. Mi argumento central es que este incremento representa una inversión justa en mi experiencia y compromiso con la empresa. Quedo atento/a para discutir cómo puedo aportar valor inmediato.",,,,
T004,c08,nota,"Estimado equipo de RR.HH., me dirijo con entusiasmo tras conocer los requisitos clave de esta oportunidad (CRM, Salesforce, negociación e inglés). Mi salario actual es de Q1,100 mensuales y busco una actualización al 18.2%, lo cual se alinea perfectamente con el mercado para este perfil técnico.

Aunque no hay un rango publicado en la oferta, mi expectativa de Q13,000 refleja un crecimiento justo por mis competencias demostradas. Esta cifra es realista dado que combina experiencia práctica con habilidades lingüísticas críticas para el éxito del equipo. Me complace aportar valor inmediato y estoy listo para discutir cómo mis logros se traducen en resultados medibles para la empresa. Quedo atento a sus comentarios.",,,,
T005,c01,nota,"Estimado/a reclutador/a, me complace confirmar mi interés en esta oportunidad. Mi salario actual de Q9,000 representa una base sólida, y mi expectativa razonable es un incremento del 16.7%, lo que situaría mi compensación total en Q10,500. Este ajuste refleja el valor agregado que aportaré mediante mis competencias clave en contabilidad pública (CPA), dominio avanzado de Excel y experiencia con sistemas SAT.

Entiendo que la empresa tiene un rango de oferta entre Q10,000 y Q12,000; por ello, mi objetivo es anclar nuestra conversación en la mitad superior de este espectro. Estoy listo para discutir cómo mis habilidades específicas se alinean con las necesidades del equipo, asegurando una compensación justa que refleje tanto mi trayectoria como el impacto inmediato que generaré en sus operaciones financieras. Quedo a su disposición para profundizar en estos puntos durante nuestra primera llamada.",,,,
T006,c10,nota,"Estimado equipo de RR.HH., me dirijo con entusiasmo tras haber completado mis requisitos clave en PMP, AutoCAD, Project y liderazgo. Mi expectativa salarial es conservadora al mantener mi salario actual de Q14,000, reflejando una transición justa sin cambios bruscos. Esta cifra es realista dado que la oferta no especifica un rango, por lo que optaré por ser directo cuando me pidan el número en nuestra primera conversación formal. Mi objetivo es demostrar cómo mis habilidades actuales se alinean perfectamente con las necesidades del rol, asegurando una evaluación basada en mi valor y experiencia acumulada.",,,,
T007,c07,nota,"Estimados, gracias por su tiempo. Mi salario actual es de Q10,000 y busco una reestructuración que refleje mi valor real en prototipado, investigación y portafolio en Figma. Aunque el cambio del 35% puede parecer ambicioso, es totalmente viable dado el mercado actual.

Para la primera llamada, si RR.HH. solicita cifras, anclaré en Q14,000, mitad superior del rango de mercado (Q12,000–Q15,000). Mi argumento se basa en que mis habilidades técnicas y experiencia superan el promedio, justificando una compensación cercana al máximo del rango publicado. Confío en que esta propuesta será considerada seriamente.",,,,
T008,c03,nota,"Tu expectativa de US$3,200 es extremadamente ambiciosa, dado que el rango de mercado oscila entre los 2.000 y los 2.800 dólares. Por ello, no debes incluir ninguna cifra en esta carta; tu objetivo es captar su interés antes de hablar de dinero.

Menciona la negociación salarial solo después de superar la entrevista técnica y demostrar que dominas Selenium, Cypress, APIs e inglés. En ese momento, defiende tu valor basándote exclusivamente en tus logros concretos y el impacto real que ya has generado, dejando que ellos valoren tu perfil antes de proponer un número.",,,,
T009,c06,nota,"Hola, quería compartirte mi interés en esta oportunidad. Mi salario actual es de Q15,000, pero he decidido solicitar una propuesta inferior a esa cifra, específicamente alrededor de Q13,000. Esta decisión es totalmente intencional y refleja que valoro más la estabilidad laboral que un aumento inmediato.

Mi expectativa se basa en mi compromiso con los requisitos clave del puesto: certificación ISO 14001, experiencia en proyectos y dominio del griego. Considero esta negociación realista porque busca asegurar una posición sólida sin sacrificar mis habilidades únicas. La oferta no especifica un rango, por lo que prefiero dejar la discusión abierta para encontrar un acuerdo justo que me permita integrarme rápidamente al equipo.",,,,
